round,dataset,algorithm,fcpc,device,gpu_name,gpu_monitor_backend,gpu_sample_count,pairing_metric,reference_strategy,fcpc_update_rule,grad_center_mix,grad_center_step_scale,grad_center_direction,proximal_frequency,mean_effective_proximal_contraction,min_effective_proximal_contraction,max_effective_proximal_contraction,std_effective_proximal_contraction,mean_grad_proxy_distance,grad_proxy_available_fraction,center_clip_limit,mean_center_distance,mean_center_clip_scale,safe_pairing_limit,safe_pairing_feasible_edges,train_pool_examples,assigned_unique_examples,client_examples_min,client_examples_max,alpha,beta_base,beta,beta_schedule,beta_min,partner_weighting,mean_partner_weight,mean_effective_beta,lambda_jsdn,learning_rate,train_clients,train_examples,train_task_loss,train_algorithm_loss,train_fcpc_raw_loss,train_fcpc_weighted_loss,train_total_loss,client_update_second_moment,client_update_variance,server_update_norm,update_cancellation_fraction,mean_pair_update_disagreement,pairing_strategy,selected_clients,pair_count,unpaired_count,paired_global_mass,pair_individual_kl_residual,pair_mixture_kl_residual,pair_mixture_kl_residual_normalized,pair_complementarity_gain,pair_complementarity_gain_normalized,pair_kl_identity_error,mean_pair_label_entropy,min_pair_label_entropy,mean_pair_class_coverage,min_pair_class_coverage,mean_selected_pairing_score,total_selected_pairing_score,pairing_time_s,round_time_s,process_cpu_mean_pct,process_cpu_peak_pct,rss_peak_mib,gpu_util_mean_pct,gpu_util_peak_pct,gpu_memory_peak_mib,server_download_bytes,server_upload_bytes,peer_upload_bytes,round_total_bytes,cumulative_total_bytes,val_loss,val_acc,test_loss,test_acc
1,cifar10,fedavg,True,cuda:0,NVIDIA GeForce RTX 3090,nvidia-smi,9,jsdn,partner,penalty,0.0,0.0,none,none,1.0,1.0,1.0,0.0,0.0,0.0,,0.0,1.0,,,45000,45000,323,11292,0.1,0.01,0.01,constant,0.0,uniform,1.0,0.01,0.3,0.05,6,21474.0,1.6507528877917799,0.0,66.4835437508483,0.6648354203845063,2.3155883039366305,79.9004345165973,47.74413870671456,5.670651801530253,0.5975454695741529,98.44692896694757,similar,6;4;8;9;3;0,3,0,0.4772,0.6068991773472842,0.42182203201196666,0.8839522883737776,0.18507714533531755,0.3878397848602631,-5.551115123125783e-17,0.5416872588739157,0.4638492352967031,0.8000000000000002,0.7,0.5812673485831423,1.743802045749427,0.00019350099319126457,9.31060340598924,11.694444444444445,26.400000000000002,2383.89453125,72.44444444444444,97.0,800.03369140625,268406448,268406448,268406448,805219344,805219344,2.8721394271850587,0.1,,
2,cifar10,fedavg,True,cuda:0,NVIDIA GeForce RTX 3090,nvidia-smi,11,jsdn,partner,penalty,0.0,0.0,none,none,1.0,1.0,1.0,0.0,0.0,0.0,,0.0,1.0,,,45000,45000,323,11292,0.1,0.01,0.01,constant,0.0,uniform,1.0,0.01,0.3,0.049949148470570824,6,28447.0,1.0860393044273644,0.0,45.355071699312965,0.45355070609040565,1.5395900089258754,30.215431371310107,18.803888265942234,3.378097248002344,0.6223273837554277,33.40446491314727,similar,2;6;0;9;5;3,3,0,0.6321555555555556,0.7764432785855012,0.4896115392035889,0.7745111703927128,0.2868317393819124,0.4537360098494062,-1.1102230246251565e-16,0.6024624529735765,0.4638492352967031,0.9,0.8,0.47959387568221423,1.4387816270466427,0.00019397999858483672,11.07874939701287,11.034090909090908,25.03333333333333,2951.12109375,63.54545454545455,96.0,800.03369140625,268406448,268406448,268406448,805219344,1610438688,3.0002933307647703,0.1152,,
3,cifar10,fedavg,True,cuda:0,NVIDIA GeForce RTX 3090,nvidia-smi,12,jsdn,partner,penalty,0.0,0.0,none,none,1.0,1.0,1.0,0.0,0.0,0.0,,0.0,1.0,,,45000,45000,323,11292,0.1,0.01,0.01,constant,0.0,uniform,1.0,0.01,0.3,0.04979680284212534,6,29161.0,0.9459526755184243,0.0,29.3380232885833,0.2933802266334466,1.2393329042224277,16.851267560812758,11.524098894781817,2.3080653803186544,0.683871508146147,19.571061013856472,similar,2;0;4;5;8;3,3,0,0.6480222222222223,0.7896558221679258,0.5736172745244905,0.8851814873839056,0.21603854764343536,0.3333813876051778,-2.7755575615628914e-17,0.5310321980747199,0.3711983581676492,0.7999999999999999,0.6,0.4351433213198767,1.30542996395963,0.000190788006875664,11.527968529000646,10.196527777777776,25.366666666666664,3286.5859375,77.41666666666667,97.0,800.03369140625,268406448,268406448,268406448,805219344,2415658032,3.097465837097168,0.1014,,
4,cifar10,fedavg,True,cuda:0,NVIDIA GeForce RTX 3090,nvidia-smi,8,jsdn,partner,penalty,0.0,0.0,none,none,1.0,1.0,1.0,0.0,0.0,0.0,,0.0,1.0,,,45000,45000,323,11292,0.1,0.01,0.01,constant,0.0,uniform,1.0,0.01,0.3,0.04954358913552887,6,15934.0,0.9986075702187287,0.0,12.260936955915156,0.12260936727142727,1.121216935140808,10.17595933784989,7.092003643064741,1.7561193693481585,0.6969371499030191,12.256368110685628,similar,7;4;3;5;9;8,3,0,0.3540888888888889,0.4821689261539326,0.37003675694099525,1.045039165454047,0.11213216921293731,0.3166780227552516,2.7755575615628914e-17,0.5133285620666137,0.4638492352967031,0.8333333333333334,0.7,0.5031591870034838,1.5094775610104516,0.00018983100017067045,7.528572666997206,11.841666666666665,25.391666666666666,3408.66015625,64.0,96.0,800.03369140625,268406448,268406448,268406448,805219344,3220877376,2.8225204627990723,0.1436,,
5,cifar10,fedavg,True,cuda:0,NVIDIA GeForce RTX 3090,nvidia-smi,12,jsdn,partner,penalty,0.0,0.0,none,none,1.0,1.0,1.0,0.0,0.0,0.0,,0.0,1.0,,,45000,45000,323,11292,0.1,0.01,0.01,constant,0.0,uniform,1.0,0.01,0.3,0.04919054786021598,6,32001.0,0.9665825863688563,0.0,15.824929286067249,0.15824928950122177,1.1248318775792163,17.421506576646937,11.06384979744856,2.5214395511449497,0.6350684493268617,18.649429465928833,similar,4;9;1;2;0;5,3,0,0.7111333333333334,0.8562519997378137,0.6288358808487362,0.8842728239177878,0.2274161188890775,0.31979392362765185,2.7755575615628914e-17,0.5605754708569649,0.45982817651438435,0.8333333333333334,0.6,0.5179629617219673,1.553888885165902,0.000237308006035164,12.466459046001546,11.121527777777779,22.858333333333334,3552.73828125,57.916666666666664,86.0,800.03369140625,268406448,268406448,268406448,805219344,4026096720,2.6748559497833253,0.1514,,
6,cifar10,fedavg,True,cuda:0,NVIDIA GeForce RTX 3090,nvidia-smi,9,jsdn,partner,penalty,0.0,0.0,none,none,1.0,1.0,1.0,0.0,0.0,0.0,,0.0,1.0,,,45000,45000,323,11292,0.1,0.01,0.01,constant,0.0,uniform,1.0,0.01,0.3,0.048739129738514055,6,21474.0,0.8845186782574935,0.0,24.704098223574036,0.2470409768079539,1.1315596552437839,13.520816653210172,8.316112547667162,2.281381986277286,0.6150599552672159,15.46402268329433,similar,4;6;3;8;9;0,3,0,0.4772,0.6068991773472842,0.42182203201196666,0.8839522883737776,0.18507714533531755,0.3878397848602631,-5.551115123125783e-17,0.5416872588739157,0.4638492352967031,0.8000000000000002,0.7,0.5812673485831423,1.743802045749427,0.0001911569997901097,9.252550368997618,11.858333333333333,25.349999999999998,3660.81640625,59.55555555555556,83.0,800.03369140625,268406448,268406448,268406448,805219344,4831316064,3.085347676849365,0.1512,,
7,cifar10,fedavg,True,cuda:0,NVIDIA GeForce RTX 3090,nvidia-smi,12,jsdn,partner,penalty,0.0,0.0,none,none,1.0,1.0,1.0,0.0,0.0,0.0,,0.0,1.0,,,45000,45000,323,11292,0.1,0.01,0.01,constant,0.0,uniform,1.0,0.01,0.3,0.04819118974431404,6,28794.0,0.9011528168385696,0.0,14.328955865944641,0.14328955529551213,1.0444423701189007,13.401718441121389,8.249725333792712,2.269800789557808,0.6155720143717514,15.553671907649218,similar,5;3;2;6;4;0,3,0,0.6398666666666666,0.7837610705718967,0.5401506476232026,0.8441612538391374,0.243610422948694,0.3807206026495531,5.551115123125783e-17,0.5606360944272879,0.46001004722535316,0.8000000000000002,0.6,0.5764438210195468,1.7293314630586405,0.00023912299366202205,11.575537324999459,10.061111111111112,26.349999999999998,3714.890625,82.58333333333333,85.0,800.03369140625,268406448,268406448,268406448,805219344,5636535408,3.1171635482788087,0.1378,,
8,cifar10,fedavg,True,cuda:0,NVIDIA GeForce RTX 3090,nvidia-smi,12,jsdn,partner,penalty,0.0,0.0,none,none,1.0,1.0,1.0,0.0,0.0,0.0,,0.0,1.0,,,45000,45000,323,11292,0.1,0.01,0.01,constant,0.0,uniform,1.0,0.01,0.3,0.047548979480584876,6,29161.0,0.8320171634751351,0.0,12.374277699807598,0.12374277426432788,0.9557599370537061,10.938115595918932,7.839756570822769,1.7602148575198027,0.7167376485041471,11.787358817403385,similar,0;5;2;8;3;4,3,0,0.6480222222222223,0.7896558221679258,0.5736172745244905,0.8851814873839056,0.21603854764343536,0.3333813876051778,-2.7755575615628914e-17,0.5310321980747199,0.3711983581676492,0.7999999999999999,0.6,0.4351433213198767,1.30542996395963,0.00023331999545916915,11.7078161870013,10.572916666666668,26.508333333333336,3786.921875,82.08333333333333,96.0,800.03369140625,268406448,268406448,268406448,805219344,6441754752,2.469641246032715,0.2296,,
9,cifar10,fedavg,True,cuda:0,NVIDIA GeForce RTX 3090,nvidia-smi,8,jsdn,partner,penalty,0.0,0.0,none,none,1.0,1.0,1.0,0.0,0.0,0.0,,0.0,1.0,,,45000,45000,323,11292,0.1,0.01,0.01,constant,0.0,uniform,1.0,0.01,0.3,0.04681513792705389,6,15567.0,0.987090217590087,0.0,22.308378343293608,0.22308377888461195,1.2101739985470965,13.472008994562634,7.8953119439330965,2.3615031666006527,0.5860530372184511,13.808317806365205,similar,9;5;3;6;7;4,3,0,0.3459333333333333,0.47627417455790344,0.3693354165328414,1.067649113122494,0.10693875802506198,0.309131117821532,5.551115123125783e-17,0.5012106592128673,0.458158283879414,0.8333333333333334,0.7,0.5050083373118562,1.5150250119355688,0.0001931489969138056,7.536018389000674,11.723958333333332,26.083333333333332,3786.92578125,65.625,97.0,800.03369140625,268406448,268406448,268406448,805219344,7246974096,3.113328483963013,0.1602,,
10,cifar10,fedavg,True,cuda:0,NVIDIA GeForce RTX 3090,nvidia-smi,10,jsdn,partner,penalty,0.0,0.0,none,none,1.0,1.0,1.0,0.0,0.0,0.0,,0.0,1.0,,,45000,45000,323,11292,0.1,0.01,0.01,constant,0.0,uniform,1.0,0.01,0.3,0.04599268059607305,6,24805.0,0.9664111713564365,0.0,22.477160620175166,0.22477160058382464,1.1911827646900246,15.769539202617086,10.560141569765378,2.2824100086259893,0.6696545548641303,15.258226082327047,similar,1;3;6;2;9;5,3,0,0.5512222222222223,0.7467839182014142,0.4783684396710365,0.8678322832169578,0.2684154785303776,0.4869460404703484,1.1102230246251565e-16,0.57415361200679,0.4638492352967031,0.9333333333333332,0.8,0.48657649947587905,1.4597294984276372,0.00023793199216015637,10.273010058008367,11.570833333333335,20.616666666666667,3741.87890625,59.2,97.0,800.03369140625,268406448,268406448,268406448,805219344,8052193440,2.3906945064544676,0.1572,,
11,cifar10,fedavg,True,cuda:0,NVIDIA GeForce RTX 3090,nvidia-smi,10,jsdn,partner,penalty,0.0,0.0,none,none,1.0,1.0,1.0,0.0,0.0,0.0,,0.0,1.0,,,45000,45000,323,11292,0.1,0.01,0.01,constant,0.0,uniform,1.0,0.01,0.3,0.04508498714123193,6,23261.0,0.8443297314693059,0.0,18.314393959637435,0.18314393555598862,1.027473667513437,13.155136468871408,8.793156209059385,2.0885353419393056,0.6684200209666278,16.39176299793466,similar,1;5;7;3;4;8,3,0,0.5169111111111111,0.7004482541936377,0.572462345771334,1.1074676737762792,0.12798590842230362,0.24759751855052073,0.0,0.4964253313030225,0.3711983581676492,0.9333333333333332,0.8,0.5129264283017351,1.538779284905205,0.00023192999651655555,9.82555826099997,11.016666666666667,25.474999999999998,3804.89453125,63.6,96.0,800.03369140625,268406448,268406448,268406448,805219344,8857412784,2.2850043884277342,0.216,,
12,cifar10,fedavg,True,cuda:0,NVIDIA GeForce RTX 3090,nvidia-smi,10,jsdn,partner,penalty,0.0,0.0,none,none,1.0,1.0,1.0,0.0,0.0,0.0,,0.0,1.0,,,45000,45000,323,11292,0.1,0.01,0.01,constant,0.0,uniform,1.0,0.01,0.3,0.04409578746963608,6,22803.0,0.8608174745029553,0.0,14.251286515958299,0.14251286118182965,1.0033303371872844,10.402540396263312,5.276657413036833,2.264040948374723,0.5072471511133205,8.850524300815643,similar,9;4;3;0;7;5,3,0,0.5067333333333334,0.588860959027783,0.47397979834235815,0.9353633699691319,0.11488116068542485,0.22670930276034373,1.3877787807814457e-17,0.5534782612486557,0.4638492352967031,0.8666666666666667,0.8,0.4906844912255704,1.4720534736767112,0.00023560901172459126,9.807861328008585,11.1725,25.974999999999998,3832.03515625,62.2,95.0,800.03369140625,268406448,268406448,268406448,805219344,9662632128,2.4480337226867674,0.2406,,
13,cifar10,fedavg,True,cuda:0,NVIDIA GeForce RTX 3090,nvidia-smi,14,jsdn,partner,penalty,0.0,0.0,none,none,1.0,1.0,1.0,0.0,0.0,0.0,,0.0,1.0,,,45000,45000,323,11292,0.1,0.01,0.01,constant,0.0,uniform,1.0,0.01,0.3,0.04302914641491876,6,36101.0,0.7947847850129353,0.0,15.59823725874122,0.15598236887632508,0.9507671546722719,14.292605193290788,10.12634461847604,2.0411421600200828,0.7085023156333201,14.139860042666461,similar,8;5;1;4;2;0,3,0,0.8022444444444445,0.9974986552877556,0.6627141342549567,0.8260750683214606,0.33478452103279865,0.41730986528007363,2.220446049250313e-16,0.6034428400086022,0.4815512169406951,0.8666666666666667,0.6,0.5100866676547441,1.5302600029642321,0.00019380600133445114,13.7178259909997,9.997619047619049,26.483333333333334,3832.05859375,79.0,86.0,800.03369140625,268406448,268406448,268406448,805219344,10467851472,2.1828142364501955,0.1872,,
14,cifar10,fedavg,True,cuda:0,NVIDIA GeForce RTX 3090,nvidia-smi,11,jsdn,partner,penalty,0.0,0.0,none,none,1.0,1.0,1.0,0.0,0.0,0.0,,0.0,1.0,,,45000,45000,323,11292,0.1,0.01,0.01,constant,0.0,uniform,1.0,0.01,0.3,0.041889447033967596,6,28252.0,0.7834308084222323,0.0,16.91191521073036,0.16911914860838942,0.9525499568011865,11.156763846496528,8.573753864679377,1.6071745957898962,0.7684803392012695,14.088908436671815,similar,7;4;2;6;5;1,3,0,0.6278222222222223,0.8434316623943525,0.6392226157870984,1.0181586333859347,0.20420904660725409,0.32526571914648283,5.551115123125783e-17,0.5483165671290705,0.4815512169406951,0.8666666666666667,0.6,0.4539869962361796,1.3619609887085389,0.00019589099974837154,11.363286551000783,11.292424242424243,24.116666666666664,3796.0234375,56.18181818181818,86.0,800.03369140625,268406448,268406448,268406448,805219344,11273070816,2.1857493896484375,0.192,,
15,cifar10,fedavg,True,cuda:0,NVIDIA GeForce RTX 3090,nvidia-smi,12,jsdn,partner,penalty,0.0,0.0,none,none,1.0,1.0,1.0,0.0,0.0,0.0,,0.0,1.0,,,45000,45000,323,11292,0.1,0.01,0.01,constant,0.0,uniform,1.0,0.01,0.3,0.040681372596003657,6,30426.0,0.723734436760066,0.0,14.283443203591771,0.14283442895078083,0.8665688665517491,11.945493948298813,7.2731889688621365,2.161550743367666,0.6088649296232154,12.407909984182723,similar,2;8;4;1;9;0,3,0,0.6761333333333334,0.8387047612298207,0.5739875608284492,0.8489265837533757,0.26471720040137153,0.391516269574105,5.551115123125783e-17,0.5242137219494365,0.3313399040331822,0.7999999999999999,0.6,0.44465942699377026,1.3339782809813108,0.0001946949923876673,12.078162129007978,10.767361111111112,26.125,3814.06640625,72.0,97.0,800.03369140625,268406448,268406448,268406448,805219344,12078290160,2.090471961593628,0.2916,,
16,cifar10,fedavg,True,cuda:0,NVIDIA GeForce RTX 3090,nvidia-smi,11,jsdn,partner,penalty,0.0,0.0,none,none,1.0,1.0,1.0,0.0,0.0,0.0,,0.0,1.0,,,45000,45000,323,11292,0.1,0.01,0.01,constant,0.0,uniform,1.0,0.01,0.3,0.039409887338023704,6,26903.0,0.8363199760238065,0.0,14.695435360426869,0.14695435037481047,0.9832743269663489,12.468069534215813,8.255665063135902,2.0524147627396823,0.6621444605556791,12.361702041996255,similar,0;5;3;7;4;8,3,0,0.5978444444444444,0.7301076145777248,0.6107940363512119,1.0216604704235415,0.11931357822651278,0.19957294800554123,1.1102230246251565e-16,0.522594635538971,0.3711983581676492,0.8666666666666667,0.8,0.4986038916770607,1.495811675031182,0.0001909870043164119,11.025504639008432,10.915151515151514,24.608333333333334,3868.05078125,67.36363636363636,84.0,800.03369140625,268406448,268406448,268406448,805219344,12883509504,2.1995940841674804,0.2396,,
17,cifar10,fedavg,True,cuda:0,NVIDIA GeForce RTX 3090,nvidia-smi,10,jsdn,partner,penalty,0.0,0.0,none,none,1.0,1.0,1.0,0.0,0.0,0.0,,0.0,1.0,,,45000,45000,323,11292,0.1,0.01,0.01,constant,0.0,uniform,1.0,0.01,0.3,0.038080216065685506,6,22984.0,0.7790448475140253,0.0,17.659493140132014,0.1765949272763294,0.9556397721534442,13.497438795618772,8.285834123225463,2.2828940370618525,0.6138819176461661,11.204046712717535,similar,2;8;9;3;1;7,3,0,0.5107555555555556,0.693651222865927,0.4724592856101454,0.9250203555715515,0.22119193725578157,0.4330680985255034,0.0,0.5578997796527676,0.4638492352967031,0.7666666666666666,0.7,0.46413018489347396,1.3923905546804218,0.00019620900275185704,9.81613895999908,11.007499999999999,25.40833333333333,3877.109375,71.1,81.0,800.03369140625,268406448,268406448,268406448,805219344,13688728848,2.3282287300109865,0.238,,
18,cifar10,fedavg,True,cuda:0,NVIDIA GeForce RTX 3090,nvidia-smi,9,jsdn,partner,penalty,0.0,0.0,none,none,1.0,1.0,1.0,0.0,0.0,0.0,,0.0,1.0,,,45000,45000,323,11292,0.1,0.01,0.01,constant,0.0,uniform,1.0,0.01,0.3,0.03669782268346068,6,26647.0,0.7238085069284881,0.0,18.438952997602538,0.18438952582014093,0.9081980337786864,13.482424144185037,9.2480101694118,2.057769118569417,0.6859308311284469,16.366600848300497,similar,7;6;3;1;5;8,3,0,0.5921555555555555,0.8284823661611548,0.6256287125308013,1.0565276415313567,0.2028536536303533,0.34256818453731747,1.6653345369377348e-16,0.5115322808713886,0.3711983581676492,0.9333333333333332,0.8,0.45499172945215016,1.3649751883564505,0.00019784799951594323,11.159208409007988,11.75,20.641666666666666,3949.05859375,58.0,96.0,800.03369140625,268406448,268406448,268406448,805219344,14493948192,2.307165852737427,0.1794,,
19,cifar10,fedavg,True,cuda:0,NVIDIA GeForce RTX 3090,nvidia-smi,13,jsdn,partner,penalty,0.0,0.0,none,none,1.0,1.0,1.0,0.0,0.0,0.0,,0.0,1.0,,,45000,45000,323,11292,0.1,0.01,0.01,constant,0.0,uniform,1.0,0.01,0.3,0.03526838774227925,6,33566.0,0.7076786350331673,0.0,14.570956705665372,0.14570956413544725,0.8533881993932462,11.796858881784477,7.458768213803586,2.0828086077499424,0.6322672213011128,11.683171341368265,similar,0;1;2;7;8;9,3,0,0.7459111111111112,0.9311534163698436,0.6437298096393272,0.863011423278607,0.2874236067305165,0.38533224998132753,-1.1102230246251565e-16,0.550879815690212,0.3313399040331822,0.8000000000000002,0.8,0.48750456652563195,1.462513699576896,0.00019552400044631213,13.197700307006016,10.641666666666667,26.224999999999998,3949.109375,76.0,97.0,800.03369140625,268406448,268406448,268406448,805219344,15299167536,1.94221004486084,0.311,,
20,cifar10,fedavg,True,cuda:0,NVIDIA GeForce RTX 3090,nvidia-smi,9,jsdn,partner,penalty,0.0,0.0,none,none,1.0,1.0,1.0,0.0,0.0,0.0,,0.0,1.0,,,45000,45000,323,11292,0.1,0.01,0.01,constant,0.0,uniform,1.0,0.01,0.3,0.033797785096927366,6,20925.0,0.845318077604688,0.0,11.740027824593273,0.11740027535097004,0.9627183558863979,11.65071623853978,7.349025552526416,2.0740520468672323,0.6307787602890498,12.559241834234632,similar,9;6;5;2;7;4,3,0,0.465,0.6251523343546475,0.5211300235116105,1.120709727981958,0.10402231084303684,0.2237038942861007,8.326672684688674e-17,0.49073656723832465,0.4090340263117941,0.8000000000000002,0.6,0.5209405666815349,1.5628217000446045,0.00023564399452880025,9.277295199994114,11.63888888888889,23.016666666666666,3949.109375,47.111111111111114,92.0,800.03369140625,268406448,268406448,268406448,805219344,16104386880,2.286621018218994,0.2252,,
21,cifar10,fedavg,True,cuda:0,NVIDIA GeForce RTX 3090,nvidia-smi,9,jsdn,partner,penalty,0.0,0.0,none,none,1.0,1.0,1.0,0.0,0.0,0.0,,0.0,1.0,,,45000,45000,323,11292,0.1,0.01,0.01,constant,0.0,uniform,1.0,0.01,0.3,0.03229205776911805,6,20965.0,0.7533252053661106,0.0,12.409477472589604,0.1240947716824769,0.877419977099407,5.568450800983636,4.518421818265841,1.0247092477059014,0.8114324648161545,7.1362825075045215,similar,5;7;6;2;9;3,3,0,0.4658888888888889,0.6282710372881275,0.4147992041741134,0.8903393364099739,0.21347183311401396,0.45820331457813634,1.1102230246251565e-16,0.5682576544440923,0.4638492352967031,0.8333333333333334,0.7,0.4751390449192212,1.4254171347576636,0.00019558299391064793,9.269971248009824,11.829629629629629,25.933333333333334,3949.109375,55.0,86.0,800.03369140625,268406448,268406448,268406448,805219344,16909606224,1.9681305580139161,0.3454,,
22,cifar10,fedavg,True,cuda:0,NVIDIA GeForce RTX 3090,nvidia-smi,11,jsdn,partner,penalty,0.0,0.0,none,none,1.0,1.0,1.0,0.0,0.0,0.0,,0.0,1.0,,,45000,45000,323,11292,0.1,0.01,0.01,constant,0.0,uniform,1.0,0.01,0.3,0.030757393115418783,6,26717.0,0.6911794497085357,0.0,13.734155617891085,0.13734155325434114,0.8285210033008679,10.711061746958027,7.253125997161198,1.8595527824223663,0.6771621121877269,12.88151093940747,similar,8;3;1;2;6;7,3,0,0.5937111111111111,0.8290031268198395,0.5437005156074087,0.915766111551948,0.28530261121243083,0.48054113502861057,-1.1102230246251565e-16,0.5478590743245065,0.3711983581676492,0.8333333333333334,0.8,0.4709278758262821,1.4127836274788463,0.0001938640052685514,11.005598732008366,11.000757575757575,25.616666666666664,3949.109375,74.81818181818181,97.0,800.03369140625,268406448,268406448,268406448,805219344,17714825568,2.0713983558654787,0.2618,,
23,cifar10,fedavg,True,cuda:0,NVIDIA GeForce RTX 3090,nvidia-smi,13,jsdn,partner,penalty,0.0,0.0,none,none,1.0,1.0,1.0,0.0,0.0,0.0,,0.0,1.0,,,45000,45000,323,11292,0.1,0.01,0.01,constant,0.0,uniform,1.0,0.01,0.3,0.029200097402076138,6,32507.0,0.7481110597649141,0.0,13.459472955873952,0.13459472660334332,0.8827057869295664,10.326691143552367,5.937936749888809,2.0949355590216,0.5750085932226865,11.848802793079948,similar,0;8;4;6;5;2,3,0,0.7223777777777778,0.9145712312019629,0.5780314604138307,0.80017890665464,0.33653977078813235,0.46587780125714323,-1.1102230246251565e-16,0.6103537669605336,0.4815512169406951,0.8000000000000002,0.6,0.5564144340294764,1.6692433020884292,0.00019597199570853263,12.837845711997943,10.528846153846152,26.766666666666666,3949.109375,74.15384615384616,97.0,800.03369140625,268406448,268406448,268406448,805219344,18520044912,2.001944348526001,0.2658,,
24,cifar10,fedavg,True,cuda:0,NVIDIA GeForce RTX 3090,nvidia-smi,12,jsdn,partner,penalty,0.0,0.0,none,none,1.0,1.0,1.0,0.0,0.0,0.0,,0.0,1.0,,,45000,45000,323,11292,0.1,0.01,0.01,constant,0.0,uniform,1.0,0.01,0.3,0.027626569891215126,6,28548.0,0.6820773099155942,0.0,7.842027470396399,0.07842027282748668,0.7604975825400351,5.578600348270797,4.34386829879159,1.111184855170806,0.7786663848856469,6.872532931760456,similar,2;0;4;7;5;3,3,0,0.6344000000000001,0.7481756137444024,0.6254351061734219,0.9858687045608793,0.12274050757098053,0.19347494888237785,1.3877787807814457e-17,0.5592382929194131,0.4815512169406951,0.8333333333333334,0.6,0.47581680027416917,1.4274504008225075,0.0001945870026247576,11.60715801898914,10.515972222222222,26.275000000000002,3958.125,79.08333333333333,97.0,800.03369140625,268406448,268406448,268406448,805219344,19325264256,1.787049836730957,0.4174,,
25,cifar10,fedavg,True,cuda:0,NVIDIA GeForce RTX 3090,nvidia-smi,13,jsdn,partner,penalty,0.0,0.0,none,none,1.0,1.0,1.0,0.0,0.0,0.0,,0.0,1.0,,,45000,45000,323,11292,0.1,0.01,0.01,constant,0.0,uniform,1.0,0.01,0.3,0.026043276544898474,6,33843.0,0.6149888793040938,0.0,9.847744697044073,0.09847744477624551,0.7134663242963077,7.913739126859517,6.037387750902571,1.3697996229799956,0.762899562768283,8.738791134729189,similar,4;1;5;0;7;8,3,0,0.7520666666666667,0.9379504476975544,0.6998908960816783,0.9306234767507469,0.2380595516158761,0.3165404905804576,0.0,0.5950052774728533,0.5816244584624849,0.9333333333333332,0.8,0.573547238011928,1.720641714035784,0.00020648998906835914,13.199988974010921,10.827564102564104,22.308333333333334,3958.125,68.76923076923077,83.0,800.03369140625,268406448,268406448,268406448,805219344,20130483600,1.8899190269470214,0.3098,,
26,cifar10,fedavg,True,cuda:0,NVIDIA GeForce RTX 3090,nvidia-smi,10,jsdn,partner,penalty,0.0,0.0,none,none,1.0,1.0,1.0,0.0,0.0,0.0,,0.0,1.0,,,45000,45000,323,11292,0.1,0.01,0.01,constant,0.0,uniform,1.0,0.01,0.3,0.024456723455101536,6,25152.0,0.6805079406833527,0.0,9.89506333342187,0.09895063106577284,0.7794585726946668,6.839399070964973,5.3097195380233595,1.2368019520126963,0.7763430598754939,8.160920445730897,similar,3;5;4;6;2;1,3,0,0.5589333333333333,0.7541017101878096,0.5815325239995566,1.040432712308367,0.17256918618825295,0.3087473512432961,5.551115123125783e-17,0.5398931823549536,0.4815512169406951,0.8333333333333334,0.6,0.5879769199798252,1.7639307599394756,0.0002598129940452054,10.549713543994585,11.385,28.241666666666664,3886.25,78.3,97.0,800.03369140625,268406448,268406448,268406448,805219344,20935702944,1.8296785930633546,0.3276,,
27,cifar10,fedavg,True,cuda:0,NVIDIA GeForce RTX 3090,nvidia-smi,9,jsdn,partner,penalty,0.0,0.0,none,none,1.0,1.0,1.0,0.0,0.0,0.0,,0.0,1.0,,,45000,45000,323,11292,0.1,0.01,0.01,constant,0.0,uniform,1.0,0.01,0.3,0.022873430108784877,6,21578.0,0.6807088575810429,0.0,10.682992940196979,0.10682992675000783,0.7875387859525136,5.419066414975243,4.273652206620866,1.0702404819503077,0.788632468862174,7.264757295401915,similar,2;5;3;8;6;9,3,0,0.4795111111111111,0.6697512457116508,0.397427616520063,0.8288183679396994,0.27232362919158787,0.5679193305042847,-5.551115123125783e-17,0.5832832916204763,0.4638492352967031,0.8666666666666667,0.8,0.5123769075679352,1.5371307227038056,0.000197758010472171,9.42554220299644,11.755555555555556,28.166666666666668,3886.25390625,76.0,97.0,800.03369140625,268406448,268406448,268406448,805219344,21740922288,1.7782122123718263,0.4062,,
28,cifar10,fedavg,True,cuda:0,NVIDIA GeForce RTX 3090,nvidia-smi,9,jsdn,partner,penalty,0.0,0.0,none,none,1.0,1.0,1.0,0.0,0.0,0.0,,0.0,1.0,,,45000,45000,323,11292,0.1,0.01,0.01,constant,0.0,uniform,1.0,0.01,0.3,0.02129990259792387,6,21228.0,0.6190105490253114,0.0,7.794024197725515,0.07794024017998334,0.6969507903208813,5.565579869152102,3.3414497258857203,1.4913515259552577,0.6003777816042887,5.693995286769311,similar,0;9;3;8;7;4,3,0,0.47173333333333334,0.57131372051979,0.4296469713105546,0.9107835740048501,0.14166674920923533,0.3003110850958917,5.551115123125783e-17,0.5618780393245767,0.4638492352967031,0.8333333333333334,0.8,0.5534976079828119,1.6604928239484356,0.00020295800641179085,9.379957016004482,11.650925925925925,27.775000000000002,3886.27734375,73.88888888888889,97.0,800.03369140625,268406448,268406448,268406448,805219344,22546141632,2.127348860168457,0.2914,,
29,cifar10,fedavg,True,cuda:0,NVIDIA GeForce RTX 3090,nvidia-smi,9,jsdn,partner,penalty,0.0,0.0,none,none,1.0,1.0,1.0,0.0,0.0,0.0,,0.0,1.0,,,45000,45000,323,11292,0.1,0.01,0.01,constant,0.0,uniform,1.0,0.01,0.3,0.01974260688458122,6,21578.0,0.7524421816738888,0.0,8.612151431776594,0.08612151219013107,0.8385636927310502,7.01774954150002,4.610585247637378,1.5515039955369139,0.6569890911706027,7.863442817584917,similar,9;2;6;5;8;3,3,0,0.4795111111111111,0.6697512457116508,0.397427616520063,0.8288183679396994,0.27232362919158787,0.5679193305042847,-5.551115123125783e-17,0.5832832916204763,0.4638492352967031,0.8666666666666667,0.8,0.5123769075679352,1.5371307227038056,0.00023493300250265747,9.443367902000318,11.491666666666667,25.708333333333332,3886.2578125,61.333333333333336,84.0,800.03369140625,268406448,268406448,268406448,805219344,23351360976,1.9627095626831055,0.3124,,
30,cifar10,fedavg,True,cuda:0,NVIDIA GeForce RTX 3090,nvidia-smi,8,jsdn,partner,penalty,0.0,0.0,none,none,1.0,1.0,1.0,0.0,0.0,0.0,,0.0,1.0,,,45000,45000,323,11292,0.1,0.01,0.01,constant,0.0,uniform,1.0,0.01,0.3,0.01820794223088195,6,17586.0,0.7034378086532272,0.0,9.146982521743995,0.09146982236059605,0.7949076350924505,7.776004119315251,3.9120617349136992,1.9656911135468855,0.5030941992071051,5.792800260210281,similar,1;8;4;9;7;3,3,0,0.39080000000000004,0.5416543601357029,0.39613042292102496,1.013639772059941,0.14552393721467802,0.3723744555135056,-8.326672684688674e-17,0.5185991063647832,0.4638492352967031,0.7666666666666666,0.7,0.546509018053975,1.639527054161925,0.00022509400150738657,8.223341014003381,12.15625,25.358333333333334,3886.2578125,69.125,83.0,800.03369140625,268406448,268406448,268406448,805219344,24156580320,2.6731813316345217,0.2568,,
31,cifar10,fedavg,True,cuda:0,NVIDIA GeForce RTX 3090,nvidia-smi,12,jsdn,partner,penalty,0.0,0.0,none,none,1.0,1.0,1.0,0.0,0.0,0.0,,0.0,1.0,,,45000,45000,323,11292,0.1,0.01,0.01,constant,0.0,uniform,1.0,0.01,0.3,0.01670221490307264,6,28794.0,0.9737468505639322,0.0,9.482675732212977,0.09482675507450432,1.0685736059008137,9.986385131116416,4.506685139108764,2.340876071272082,0.45128285069037566,8.982892561089207,similar,3;0;6;5;2;4,3,0,0.6398666666666666,0.7837610705718967,0.5401506476232026,0.8441612538391374,0.243610422948694,0.3807206026495531,5.551115123125783e-17,0.5606360944272879,0.46001004722535316,0.8000000000000002,0.6,0.5764438210195468,1.7293314630586405,0.00019557499035727233,11.655144661999657,10.000000000000002,26.133333333333336,3886.26953125,76.75,97.0,800.03369140625,268406448,268406448,268406448,805219344,24961799664,1.9514999681472778,0.2932,,
32,cifar10,fedavg,True,cuda:0,NVIDIA GeForce RTX 3090,nvidia-smi,11,jsdn,partner,penalty,0.0,0.0,none,none,1.0,1.0,1.0,0.0,0.0,0.0,,0.0,1.0,,,45000,45000,323,11292,0.1,0.01,0.01,constant,0.0,uniform,1.0,0.01,0.3,0.015231612257720753,6,28161.0,0.6651763989587496,0.0,6.098024971338417,0.06098024852110608,0.726156647873934,3.392760985209534,2.6147407020991067,0.8820544247343451,0.7706823405523844,3.8857429639001535,similar,7;2;4;5;0;9,3,0,0.6258,0.737739118824527,0.6337149467174823,1.012647725659128,0.10402417210704469,0.166225906211321,4.163336342344337e-17,0.550313387309679,0.4815512169406951,0.8000000000000002,0.6,0.5235526831722122,1.5706580495166365,0.0002402849931968376,11.447064909007167,11.193939393939395,27.775000000000002,3903.52734375,75.27272727272727,97.0,800.03369140625,268406448,268406448,268406448,805219344,25767019008,1.7322355476379394,0.4438,,
33,cifar10,fedavg,True,cuda:0,NVIDIA GeForce RTX 3090,nvidia-smi,12,jsdn,partner,penalty,0.0,0.0,none,none,1.0,1.0,1.0,0.0,0.0,0.0,,0.0,1.0,,,45000,45000,323,11292,0.1,0.01,0.01,constant,0.0,uniform,1.0,0.01,0.3,0.013802177316539333,6,31894.0,0.577514620393752,0.0,5.998994105511223,0.05998993986664954,0.6375045618095495,3.044722600180096,2.571565741121315,0.6878644128986768,0.8445975175195093,4.496631336988327,similar,6;2;5;0;4;7,3,0,0.7087555555555556,0.8730910227784396,0.6504657153196507,0.9177574838334571,0.22262530745878886,0.3141073191084686,8.326672684688674e-17,0.5766254080958569,0.4815512169406951,0.8333333333333334,0.6,0.4470043724425148,1.3410131173275444,0.000195215005078353,12.632484076995752,10.75902777777778,26.59166666666667,3903.57421875,78.83333333333333,96.0,800.03369140625,268406448,268406448,268406448,805219344,26572238352,1.6667971450805663,0.4446,,
34,cifar10,fedavg,True,cuda:0,NVIDIA GeForce RTX 3090,nvidia-smi,9,jsdn,partner,penalty,0.0,0.0,none,none,1.0,1.0,1.0,0.0,0.0,0.0,,0.0,1.0,,,45000,45000,323,11292,0.1,0.01,0.01,constant,0.0,uniform,1.0,0.01,0.3,0.012419783934314506,6,20972.0,0.7345429444907617,0.0,9.103555288656782,0.09103555077897932,0.8255784948682048,5.994573091027589,3.414883968973711,1.606141037138607,0.569662594482025,4.743403371495092,similar,1;3;8;9;7;6,3,0,0.4660444444444445,0.66968847210322,0.46027706900201504,0.9876248381218136,0.20941140310120498,0.4493378380485516,0.0,0.5369372411003288,0.4638492352967031,0.8666666666666667,0.8,0.45328480903793783,1.3598544271138135,0.0002503080031601712,9.315698637001333,11.885185185185186,24.575,3903.578125,67.77777777777777,86.0,800.03369140625,268406448,268406448,268406448,805219344,27377457696,2.42035447845459,0.2836,,
35,cifar10,fedavg,True,cuda:0,NVIDIA GeForce RTX 3090,nvidia-smi,9,jsdn,partner,penalty,0.0,0.0,none,none,1.0,1.0,1.0,0.0,0.0,0.0,,0.0,1.0,,,45000,45000,323,11292,0.1,0.01,0.01,constant,0.0,uniform,1.0,0.01,0.3,0.011090112661976308,6,19737.0,0.8184023999402895,0.0,3.6980014090275413,0.03698001325797871,0.8553824161993381,4.012059052269249,2.924710644005236,1.0427599580976636,0.7289799785980644,3.9194125318667705,similar,4;3;2;8;7;6,3,0,0.4386,0.6180415907665298,0.5215883505366995,1.1892119255282707,0.09645324022983037,0.2199116284309858,-1.1102230246251565e-16,0.4704272597144438,0.3711983581676492,0.7333333333333334,0.6,0.3852561299385904,1.1557683898157711,0.00020162500732112676,8.850573492003605,11.392592592592592,26.208333333333332,3939.546875,76.55555555555556,97.0,800.03369140625,268406448,268406448,268406448,805219344,28182677040,1.7426204460144044,0.3658,,
36,cifar10,fedavg,True,cuda:0,NVIDIA GeForce RTX 3090,nvidia-smi,12,jsdn,partner,penalty,0.0,0.0,none,none,1.0,1.0,1.0,0.0,0.0,0.0,,0.0,1.0,,,45000,45000,323,11292,0.1,0.01,0.01,constant,0.0,uniform,1.0,0.01,0.3,0.009818627403996347,6,30319.0,0.5927719855639593,0.0,4.577497322242687,0.045774972126673745,0.6385469585416295,2.944400647402788,2.2336882614142617,0.8430380611008126,0.7586221246447806,3.672185884102992,similar,8;6;0;7;4;2,3,0,0.6737555555555556,0.8555437842704465,0.5936902310783384,0.881165618870188,0.2618535531921082,0.38864770914755986,-5.551115123125783e-17,0.5816771011702987,0.4815512169406951,0.7333333333333334,0.6,0.5058195521112849,1.5174586563338548,0.00020060999668203294,12.10870447900379,10.718055555555557,26.858333333333334,3939.59375,73.83333333333333,97.0,800.03369140625,268406448,268406448,268406448,805219344,28987896384,1.615385982131958,0.4392,,
37,cifar10,fedavg,True,cuda:0,NVIDIA GeForce RTX 3090,nvidia-smi,14,jsdn,partner,penalty,0.0,0.0,none,none,1.0,1.0,1.0,0.0,0.0,0.0,,0.0,1.0,,,45000,45000,323,11292,0.1,0.01,0.01,constant,0.0,uniform,1.0,0.01,0.3,0.008610552966032407,6,35528.0,0.5952452386594576,0.0,3.841392855243193,0.03841392775195169,0.6336591665428974,2.8226954241401954,2.3612531203007916,0.679296221683383,0.836523858420227,4.383701221915285,similar,1;7;5;3;0;2,3,0,0.7895111111111112,0.9591371497977121,0.6568964981554076,0.8320294533042485,0.3022406516423045,0.3828200102427297,0.0,0.611369343068235,0.5286201190617593,0.8666666666666667,0.8,0.6254043201117132,1.8762129603351396,0.0001951140002347529,13.691474811013904,10.482738095238096,26.133333333333336,3885.6015625,74.5,97.0,800.03369140625,268406448,268406448,268406448,805219344,29793115728,1.4439208786010742,0.4592,,
38,cifar10,fedavg,True,cuda:0,NVIDIA GeForce RTX 3090,nvidia-smi,12,jsdn,partner,penalty,0.0,0.0,none,none,1.0,1.0,1.0,0.0,0.0,0.0,,0.0,1.0,,,45000,45000,323,11292,0.1,0.01,0.01,constant,0.0,uniform,1.0,0.01,0.3,0.007470853585081245,6,29902.0,0.5785548608683079,0.0,3.723998571301725,0.03723998479948766,0.6157948456026385,1.9762435218435908,1.6373299548103657,0.5821632305331306,0.8285059390511722,3.0279240725000656,similar,7;9;8;6;0;5,3,0,0.6644888888888889,0.8477052316253664,0.6340996013310563,0.9542666731288051,0.21360563029431015,0.32145854334974105,-2.7755575615628914e-17,0.5265549704600193,0.3313399040331822,0.9,0.8,0.4498770530872505,1.3496311592617516,0.00023729899839963764,11.955744496997795,10.775,26.7,3912.59375,64.75,84.0,800.03369140625,268406448,268406448,268406448,805219344,30598335072,1.5013237545013427,0.4722,,
39,cifar10,fedavg,True,cuda:0,NVIDIA GeForce RTX 3090,nvidia-smi,11,jsdn,partner,penalty,0.0,0.0,none,none,1.0,1.0,1.0,0.0,0.0,0.0,,0.0,1.0,,,45000,45000,323,11292,0.1,0.01,0.01,constant,0.0,uniform,1.0,0.01,0.3,0.006404212530363924,6,26149.0,0.5820247332217056,0.0,2.627075645236505,0.026270755812424742,0.608295488076719,1.2362696281104264,1.0630361398853059,0.4162133508964652,0.859873971239395,1.809264073817882,similar,6;7;5;4;9;0,3,0,0.581088888888889,0.7137763680618201,0.48705920218740584,0.8381836436740701,0.22671716587441426,0.39015918254421356,0.0,0.6487994109631375,0.5816244584624849,0.9,0.8,0.5020441091072008,1.5061323273216023,0.00019808199431281537,10.789280144002987,10.82878787878788,27.0,3939.61328125,68.0,96.0,800.03369140625,268406448,268406448,268406448,805219344,31403554416,1.5797028095245362,0.4664,,
40,cifar10,fedavg,True,cuda:0,NVIDIA GeForce RTX 3090,nvidia-smi,13,jsdn,partner,penalty,0.0,0.0,none,none,1.0,1.0,1.0,0.0,0.0,0.0,,0.0,1.0,,,45000,45000,323,11292,0.1,0.01,0.01,constant,0.0,uniform,1.0,0.01,0.3,0.005415012858768076,6,35387.0,0.5521706440929344,0.0,2.6283866716340096,0.026283866139465942,0.5784545094722251,1.820309895942539,1.5144738861553633,0.5530247515253938,0.8319866433284623,2.9284432017433013,similar,9;5;2;0;1;6,3,0,0.7863777777777778,0.984286111705331,0.6816443835366884,0.8668154197629349,0.3026417281686425,0.3848553923075963,5.551115123125783e-17,0.6011221000461369,0.45982817651438435,0.9333333333333332,0.9,0.5703329165357952,1.7109987496073855,0.0001947310083778575,13.666521844003,10.715384615384616,27.075,3939.62890625,73.84615384615384,86.0,800.03369140625,268406448,268406448,268406448,805219344,32208773760,1.3617935451507568,0.4822,,
41,cifar10,fedavg,True,cuda:0,NVIDIA GeForce RTX 3090,nvidia-smi,10,jsdn,partner,penalty,0.0,0.0,none,none,1.0,1.0,1.0,0.0,0.0,0.0,,0.0,1.0,,,45000,45000,323,11292,0.1,0.01,0.01,constant,0.0,uniform,1.0,0.01,0.3,0.004507319403926945,6,21925.0,0.6914323118842178,0.0,1.853367792018599,0.01853367753955562,0.7099659869023849,1.3598757923820937,1.1108731058990575,0.49900171636047197,0.8168930469050273,1.7920057873940423,similar,3;6;5;4;8;2,3,0,0.4872222222222222,0.6770690376980462,0.5279099654961936,1.0835096213148785,0.14915907220185262,0.3061417673470179,-8.326672684688674e-17,0.4983559987025184,0.3711983581676492,0.7999999999999999,0.6,0.4539664523920468,1.3618993571761404,0.00019566899572964758,9.57521115099371,11.105833333333335,26.96666666666667,3957.625,76.0,96.0,800.03369140625,268406448,268406448,268406448,805219344,33013993104,1.4431389156341552,0.4936,,
42,cifar10,fedavg,True,cuda:0,NVIDIA GeForce RTX 3090,nvidia-smi,12,jsdn,partner,penalty,0.0,0.0,none,none,1.0,1.0,1.0,0.0,0.0,0.0,,0.0,1.0,,,45000,45000,323,11292,0.1,0.01,0.01,constant,0.0,uniform,1.0,0.01,0.3,0.0036848620729461124,6,30099.0,0.5493383021912166,0.0,2.2651046750427595,0.022651046216477982,0.5719893478017268,1.4088657656536303,1.0178030148990231,0.6253498337602906,0.7224274844931069,1.7021913839441893,similar,9;3;0;2;1;6,3,0,0.6688666666666667,0.8359287125672715,0.5241362919211603,0.7836184968421612,0.31179242064611123,0.4661503348641152,0.0,0.5898289043203984,0.4638492352967031,0.8666666666666667,0.8,0.5194581729682087,1.558374518904626,0.0002351319999434054,11.994551866999245,10.766666666666666,25.05,3957.63671875,70.75,97.0,800.03369140625,268406448,268406448,268406448,805219344,33819212448,1.4481551303863525,0.4586,,
43,cifar10,fedavg,True,cuda:0,NVIDIA GeForce RTX 3090,nvidia-smi,8,jsdn,partner,penalty,0.0,0.0,none,none,1.0,1.0,1.0,0.0,0.0,0.0,,0.0,1.0,,,45000,45000,323,11292,0.1,0.01,0.01,constant,0.0,uniform,1.0,0.01,0.3,0.002951020519415129,6,17586.0,0.7590540250693181,0.0,2.1367508054532034,0.021367507604233914,0.7804215273133631,1.1367850001826811,0.707210208186749,0.6554194236965691,0.6221144535776684,1.211105904812266,similar,9;1;3;4;8;7,3,0,0.39080000000000004,0.5416543601357029,0.39613042292102496,1.013639772059941,0.14552393721467802,0.3723744555135056,-8.326672684688674e-17,0.5185991063647832,0.4638492352967031,0.7666666666666666,0.7,0.546509018053975,1.639527054161925,0.00019596000493038446,8.243181910002022,12.032291666666667,26.608333333333334,3957.640625,58.875,82.0,800.03369140625,268406448,268406448,268406448,805219344,34624431792,1.9456356979370117,0.3506,,
44,cifar10,fedavg,True,cuda:0,NVIDIA GeForce RTX 3090,nvidia-smi,9,jsdn,partner,penalty,0.0,0.0,none,none,1.0,1.0,1.0,0.0,0.0,0.0,,0.0,1.0,,,45000,45000,323,11292,0.1,0.01,0.01,constant,0.0,uniform,1.0,0.01,0.3,0.0023088102556859647,6,20861.0,0.7935458327475756,0.0,0.9995447655339796,0.009995447472563779,0.803541282363217,1.1407113227842938,0.5698192463873842,0.7555741223994947,0.49952959785977225,0.9237449167698237,similar,9;0;4;3;6;7,3,0,0.4635777777777778,0.5654189689237608,0.44170054213227294,0.9528078421912795,0.1237184267914879,0.26687738869742367,-8.326672684688674e-17,0.5457808431061565,0.4638492352967031,0.8000000000000002,0.8,0.5174243295455248,1.5522729886365743,0.0001893479930004105,9.277506462996826,11.88148148148148,25.416666666666668,3957.63671875,51.55555555555556,84.0,800.03369140625,268406448,268406448,268406448,805219344,35429651136,1.6232368736267089,0.4544,,
45,cifar10,fedavg,True,cuda:0,NVIDIA GeForce RTX 3090,nvidia-smi,9,jsdn,partner,penalty,0.0,0.0,none,none,1.0,1.0,1.0,0.0,0.0,0.0,,0.0,1.0,,,45000,45000,323,11292,0.1,0.01,0.01,constant,0.0,uniform,1.0,0.01,0.3,0.0017608702614859513,6,21319.0,0.8104986195000851,0.0,0.7144480771595477,0.0071444806296058075,0.8176430997063605,0.8608205673676229,0.5469253254218449,0.5602635798342327,0.6353534165098345,0.9824087237852214,similar,7;1;8;6;3;4,3,0,0.4737555555555556,0.6770062640896154,0.5401830895612489,1.1402147863528402,0.13682317452836668,0.28880542491563865,-2.220446049250313e-16,0.48872791316052333,0.3711983581676492,0.8666666666666667,0.8,0.5396662666216893,1.618998799865068,0.000265536000370048,9.389636833002442,11.520370370370369,27.108333333333334,3957.6484375,58.666666666666664,84.0,800.03369140625,268406448,268406448,268406448,805219344,36234870480,1.744101686477661,0.403,,
46,cifar10,fedavg,True,cuda:0,NVIDIA GeForce RTX 3090,nvidia-smi,13,jsdn,partner,penalty,0.0,0.0,none,none,1.0,1.0,1.0,0.0,0.0,0.0,,0.0,1.0,,,45000,45000,323,11292,0.1,0.01,0.01,constant,0.0,uniform,1.0,0.01,0.3,0.0013094521397840212,6,34129.0,0.6677651618148326,0.0,1.3352051997094636,0.01335205168884703,0.6811172123302551,0.6157640851563977,0.4934615772259219,0.34971775378767156,0.8013809017730696,0.8942948510506389,similar,1;3;6;5;0;8,3,0,0.7584222222222222,0.9766546074585286,0.6453783803085071,0.8509486686947412,0.33127622715002136,0.43679657246772424,1.1102230246251565e-16,0.5644398010891654,0.3711983581676492,0.9333333333333332,0.8,0.5316187591533909,1.5948562774601727,0.00020020199008286,13.245306837008684,10.775641025641026,21.158333333333335,3894.59765625,75.07692307692308,86.0,800.03369140625,268406448,268406448,268406448,805219344,37040089824,1.3485998197555542,0.5074,,
47,cifar10,fedavg,True,cuda:0,NVIDIA GeForce RTX 3090,nvidia-smi,11,jsdn,partner,penalty,0.0,0.0,none,none,1.0,1.0,1.0,0.0,0.0,0.0,,0.0,1.0,,,45000,45000,323,11292,0.1,0.01,0.01,constant,0.0,uniform,1.0,0.01,0.3,0.0009564108644711304,6,28518.0,0.8052668455295572,0.0,0.8680165932496857,0.008680165761205741,0.8139470120736088,0.4863180298890673,0.4105093456991372,0.275333762490754,0.8441170672109207,0.7128462048925995,similar,2;6;8;1;5;9,3,0,0.6337333333333333,0.8775940788314804,0.6124104669475927,0.9663535666120231,0.2651836118838876,0.4184466840162334,1.1102230246251565e-16,0.5299838349189496,0.3313399040331822,0.9333333333333332,0.8,0.49636384735613454,1.4890915420684037,0.0002005480055231601,11.537084916009917,11.058333333333335,27.233333333333334,4056.3515625,80.0,96.0,800.03369140625,268406448,268406448,268406448,805219344,37845309168,1.2356260641098022,0.5554,,
48,cifar10,fedavg,True,cuda:0,NVIDIA GeForce RTX 3090,nvidia-smi,11,jsdn,partner,penalty,0.0,0.0,none,none,1.0,1.0,1.0,0.0,0.0,0.0,,0.0,1.0,,,45000,45000,323,11292,0.1,0.01,0.01,constant,0.0,uniform,1.0,0.01,0.3,0.0007031971578746602,6,28188.0,0.6848928648854242,0.0,0.704441377064455,0.007044413606088758,0.6919372781859537,0.28467106596097874,0.21980612618507872,0.2546859795499535,0.7721407057638563,0.40386792601316096,similar,6;0;3;1;7;4,3,0,0.6264000000000001,0.7836982969634658,0.4328653656787672,0.6910366629609949,0.3508329312846987,0.5600781150777437,-1.1102230246251565e-16,0.6673992872185531,0.5585322040349872,0.8666666666666667,0.8,0.5457854063134036,1.6373562189402107,0.00024240699713118374,11.486194166005589,11.237121212121211,25.083333333333332,4074.3515625,66.81818181818181,96.0,800.03369140625,268406448,268406448,268406448,805219344,38650528512,1.335411325454712,0.5122,,
49,cifar10,fedavg,True,cuda:0,NVIDIA GeForce RTX 3090,nvidia-smi,12,jsdn,partner,penalty,0.0,0.0,none,none,1.0,1.0,1.0,0.0,0.0,0.0,,0.0,1.0,,,45000,45000,323,11292,0.1,0.01,0.01,constant,0.0,uniform,1.0,0.01,0.3,0.0005508515294291757,6,28814.0,0.8633687146178157,0.0,0.606379281314964,0.0060637926706946016,0.8694325093240189,0.27564960331474214,0.2095054027023896,0.25718521881592876,0.760042329167177,0.3867432655261671,similar,3;9;5;8;0;2,3,0,0.640311111111111,0.7823380301815304,0.46511531117236166,0.726389567666977,0.3172227190091687,0.49541966944584553,0.0,0.6152115641905175,0.4638492352967031,0.8666666666666667,0.8,0.51166921703103,1.53500765109309,0.00019722800061572343,11.68831341600162,10.667361111111111,26.616666666666664,4074.40625,75.16666666666667,96.0,800.03369140625,268406448,268406448,268406448,805219344,39455747856,1.3299357860565186,0.5194,,
50,cifar10,fedavg,True,cuda:0,NVIDIA GeForce RTX 3090,nvidia-smi,14,jsdn,partner,penalty,0.0,0.0,none,none,1.0,1.0,1.0,0.0,0.0,0.0,,0.0,1.0,,,45000,45000,323,11292,0.1,0.01,0.01,constant,0.0,uniform,1.0,0.01,0.3,0.0005,6,33953.0,0.7373153159001353,0.0,0.3552110879477516,0.0035521108006762096,0.7408674293665726,0.20775443650540723,0.18914697860347757,0.13640928584705014,0.9104351580726993,0.3584886227021198,similar,8;3;7;2;1;0,3,0,0.7545111111111111,0.941589911289719,0.6465020203716247,0.8568489063329636,0.2950878909180944,0.39109813834754653,-1.1102230246251565e-16,0.5641659670683677,0.3711983581676492,0.8000000000000002,0.8,0.4856366190968668,1.4569098572906003,0.00023614299425389618,14.146900288003962,10.427976190476189,19.133333333333333,4074.40234375,74.21428571428571,96.0,800.03369140625,268406448,268406448,268406448,805219344,40260967200,1.2768922658920288,0.5246,1.2881836986541748,0.5152
